,Rm,Rs
Rm,1.996404711567305e-06,-3.1631395166721277e-07
Rs,-3.1631395166721277e-07,2.0194143103313571e-07
